,initialhidden0_0,initialhidden0_1,initialhidden0_bias,initialhidden1_0,initialhidden1_1,initialhidden1_bias,initialinput0_0,initialinput0_1,initialinput0_bias,initialinput1_0,initialinput1_1,initialinput1_bias,hidden0_0,hidden0_1,hidden0_bias,hidden1_0,hidden1_1,hidden1_bias,input0_0,input0_1,input0_bias,input1_0,input1_1,input1_bias,converged,sum_error,num_epochs
0,-0.0667174406301,0.673657936411,0.4798373823,0.576583110255,-0.677513054203,0.291198908217,-0.983111884326,0.413843404626,0.62836316418,0.838888265076,-0.220450410374,0.933692883304,-4.44360483159,4.58900146672,-2.23477427397,4.4214129154,-4.5929607678,2.24705146223,3.69728325441,-4.10321018319,-1.82262011373,6.02264665057,-5.98501130976,3.58012378625,1,0.199976105252,4188
1,-0.855396555091,-0.222529973365,0.545926813976,-0.784678299378,0.378907406043,-0.0487044497764,0.485150957848,-0.976355091137,-0.798211760308,-0.636202380594,0.039614229001,0.339470268956,-4.65780841837,-4.48093980779,2.22537555148,4.48619795638,4.31363344781,-2.13993230529,5.20960506231,-5.3205501946,-3.1435381895,-4.42054291781,4.03468044137,-2.19331227513,1,0.199845842128,3203
2,0.253152625099,0.080997266317,-0.639815638471,-0.169945046538,-0.993277805275,-0.0914692401594,-0.258046753986,0.554016492909,0.957989453595,-0.181439085583,-0.240435625484,-0.984645678309,3.40221577251,4.55315214634,-3.39240981963,-3.39681816567,-4.57484644889,3.38766265929,-3.61548578291,7.26741645689,2.05733061206,-4.8220275989,-7.19373387817,1.07049142935,0,1.03548635384,7500
3,-0.809375797638,0.593076121783,-0.0136561294821,-0.0469417165437,0.709313691374,0.57535151543,-0.465152070111,0.396887671747,0.00739254166437,0.259905742783,0.216631535611,0.320959268508,-4.97900160938,4.42781108221,-1.91070364783,4.68355001302,-4.10183118459,1.74788542833,-5.41000330353,5.23368587544,-3.0478951089,-4.13370886658,4.42620141096,1.94344481605,1,0.199735801899,6332
4,-0.996392121139,-0.520179824246,-0.893356646111,-0.632091620939,-0.782465922215,-0.31303209625,0.497215052233,-0.219883833521,0.863475313697,0.0592208366803,-0.528449473857,0.2729827372,-4.72072989645,5.4546326418,1.95628022765,4.58608328641,-5.34481535077,-1.88963696203,-3.41850768562,-3.42971876124,4.90524409937,-5.83654191035,-5.87741774417,2.00408921509,1,0.199763834629,5666
5,0.105052346691,0.558850045262,-0.960946852567,-0.908076300723,0.2949847003,0.594281624638,0.0685503327553,-0.711285995987,-0.487263955266,-0.766499066833,0.73694408976,0.297143300889,4.42457308785,3.54114508416,-3.52833559535,-4.43936516214,-3.53252349382,3.52026862644,-4.47792755004,-7.18511429554,1.045019351,-4.10112036949,7.49684750737,2.49652479438,0,1.0332115264,7500
6,-0.171852983956,-0.522636443374,-0.109706405171,0.0559856489628,0.759023867116,-0.14562525628,0.341704218488,0.0339108248857,0.360429361857,0.766236422444,0.778632969787,-0.524287858028,5.06105143583,-4.9058565847,2.23170113623,-5.08254806542,4.92838952692,-2.24293264676,3.21056350842,3.21238672034,-4.83009802994,5.80563619935,5.75230241979,-2.19333259307,1,0.199915632206,3261
7,0.519706026967,0.166998253982,0.257719422293,-0.745749910761,-0.299415783546,0.126821988776,0.639497003673,-0.860103883594,-0.740267404802,0.655612479201,0.827088716839,0.151469637199,4.87886204948,-4.95726002568,2.34936347168,-4.96871807414,4.99020309789,-2.34212836414,3.25335206067,3.26102627502,-4.86985408895,5.94224746913,5.93355502164,-2.14585961074,1,0.199944405062,4925
8,-0.0378432503593,-0.715262048372,0.3997166293,-0.26077757939,0.920868699531,-0.0887277519094,-0.994032735881,-0.883208295879,-0.716683779761,-0.192834281101,-0.507896408126,-0.863480310849,4.92429676781,-4.03595089186,0.00114374769997,-4.93465938875,4.04192992918,-0.0011286809677,-5.07050148289,-7.57800816439,1.20289666162,2.83783692361,-7.09624940282,-1.70551384463,0,1.02356180092,7500
9,0.149787778827,0.853227152204,-0.446729833888,-0.275518329616,0.205002911536,-0.635249162234,0.0706796303198,0.215626578798,-0.786343494363,-0.968164216474,-0.510283840788,-0.832874825924,4.8216679059,5.1608102362,-2.44378994944,-4.66342257525,-5.0035761543,2.36385343056,3.40503248892,3.41164422248,-5.22466462609,-5.62724247964,-5.62731294311,1.83500191667,1,0.199932726748,3374
10,-0.621033948735,-0.700004444162,0.0886679789019,-0.0266674686047,0.730379604267,0.290459405591,-0.174879190722,0.410083144946,-0.775666645464,-0.864385281472,0.614613929889,0.230300491711,4.12711770189,-4.819479673,-1.7239773192,-4.3270646311,4.9910096444,1.82471529448,-3.95601489086,4.32848296679,1.76548057856,-5.76589250881,5.7017499421,-3.42448376603,1,0.199742273567,3883
11,-0.48840208713,-0.689891844918,0.381821719242,-0.430424573426,-0.370390590625,0.678612459355,0.155007975678,-0.0172737620463,-0.966595857897,-0.643447493108,-0.940552134387,-0.712108543184,4.54262931507,4.91751693213,-2.31153310332,-4.95650880018,-5.2865317045,2.51494092057,3.38120815813,3.38710391256,-5.17862275136,-5.72831119529,-5.72218365824,1.85471597537,1,0.199771616467,4068
12,-0.346241318687,-0.436597330916,-0.76763556897,-0.988525329659,-0.583586727807,-0.723855189777,0.536371231076,0.641857076506,0.223066424306,-0.281367736669,0.485101965066,0.260321991054,0.0593666420397,-0.521482231832,0.129105765483,-0.2649117896,0.51072910021,-0.0489712809915,-0.14483674742,0.140306338223,-0.52886766142,-1.24976152751,0.728913480848,-0.723107909165,0,1.99954540067,7500
13,-0.837589329397,-0.3294288399,0.430240242688,0.894210666828,0.577121970546,0.463797376078,0.595829725359,-0.390756208284,-0.474707825877,-0.214902489986,-0.0433780702734,0.401551685433,-4.63200465304,-4.41213724158,2.20007371373,4.5697996617,4.34564632854,-2.16724170134,5.36841224541,-5.46952249061,-3.27578500538,-4.3406789465,3.95279620351,-2.12747380153,1,0.199937635351,3020
14,0.564059547277,0.233518619969,-0.691705827117,0.106433003623,0.284828287762,-0.357665495363,-0.292048314411,-0.580901837741,-0.551890739041,-0.412103021281,0.750739637558,0.52734493986,5.03237823655,3.26537083211,-3.2616409568,-4.98649333533,-3.23554663973,3.2320843724,-5.49797252435,-7.45642450759,1.24176874496,-2.51728510881,6.90925149728,1.06376824988,0,1.03839687557,7500
15,-0.148310156243,0.00832739062246,-0.692037744831,-0.632012518708,0.918930828905,0.639273438224,-0.115040315322,-0.569883907997,0.844441158772,-0.645754820004,0.852019299951,-0.262004693411,4.17608901254,-4.73487505988,-1.79088203701,-4.33647208534,4.87397907752,1.87261217143,-4.15733478066,4.41671319571,1.97139385661,-5.4414213028,5.23149814893,-3.03283027827,1,0.199735851557,3437
16,0.261297382529,-0.969835970991,0.266234965386,-0.695628930285,0.716431177418,-0.620188168906,-0.123189976384,0.591791213885,0.517069856272,0.674657883236,-0.396500392554,0.913855765339,4.05852601138,-4.60815113145,0.566055789416,-4.06635904656,4.60343968777,-0.553758631808,-3.46821190218,7.17707159741,2.26828539155,4.49515835687,7.26125072179,-1.07762852716,0,1.03762466258,7500
17,-0.25731319597,0.718440127114,0.534882506035,-0.867302255243,-0.839811191593,-0.469520665762,0.0319100052653,0.0262949380029,0.937934713013,-0.0136696554978,0.663520261496,0.952162285878,-4.7438730693,4.513236128,-2.06004148332,4.49375874416,-4.37293852161,2.03064518626,-4.20241135378,3.83618248259,-1.98774757036,-5.46708111746,5.51029941378,3.04715177084,1,0.199734912599,3735
18,-0.707905413517,0.632668533453,0.169875016047,-0.773800473365,0.81495905346,0.70602373766,0.683570371005,-0.642578916521,-0.3720789791,0.93993525123,-0.430108775834,0.855660591836,-4.92682903943,4.59572713371,-2.07399646379,4.41363649703,-4.16101744317,1.8882687178,4.13408370149,-4.41873769984,-2.22567209975,5.19078654196,-5.02352268582,2.67826078158,1,0.199945854725,3109
19,0.423383132232,-0.593325031305,-0.557348743085,0.746294962852,-0.305822830273,-0.959932173366,0.164417202032,-0.758899641038,0.73037564253,-0.122585800749,0.233379251715,0.941295078576,0.343493341294,-0.25513035028,-0.0764374207287,0.871593741156,-0.259134999213,-0.370667953065,-0.425939444437,-0.340313323023,0.640077359539,-0.709096075182,-0.405407241862,0.396777642852,0,2.01929824074,7500
20,0.252182869962,-0.0337178270506,0.448079324265,0.520684248596,-0.121018186511,-0.362670960903,-0.412822641694,0.0352342181546,0.748566040747,0.409090170254,0.105906429901,-0.63947540059,-0.685236073628,-0.104734524611,0.481505094548,0.844406776658,-0.00497645320019,-0.56090614743,-1.1152837496,-1.08908371918,2.02364179056,0.147631364178,-0.205105701803,-0.974221317029,0,1.9926062046,7500
21,-0.308011449128,0.955844751157,-0.728135638535,0.475435121196,0.761122599774,-0.962107317658,0.419307874171,-0.0787267614971,-0.621228416878,-0.16978088928,-0.713668687163,0.602095544028,-5.11420596644,4.53775619651,-1.9521617258,4.66961869963,-3.95830551473,1.64730652026,5.56932758125,-5.72947104105,-3.30951755851,4.30657692993,-4.01844468617,1.84228182132,1,0.19997697494,4909
22,0.776416658124,-0.233953972661,-0.60747279409,-0.261405030572,0.957745041159,-0.146133670593,-0.260284798913,-0.789554011273,-0.217291869143,-0.735139136016,0.84833885992,0.779387400664,5.31231024469,-4.56594340313,1.88939652475,-5.46010677002,4.74477622686,-1.97799071253,-5.77128128284,-5.68109151425,1.97296611103,-3.45023580596,-3.445940214,4.95524566239,1,0.1999273066,3424
23,0.603447871296,-0.810281806078,0.646177434903,-0.734548281659,-0.286866032782,-0.163966982101,-0.339621756722,-0.835813714148,0.959885276406,0.250263248722,0.848619829457,-0.472734695192,4.52953918951,-1.02223575465,0.333406041658,-4.7444130865,0.321843110453,0.362906568213,-6.57949836914,-6.56454631718,0.9956146671,3.10144782616,3.11175687846,1.60111725902,0,1.36709013349,7500
24,0.995361335267,0.379988631581,0.260041098845,-0.425936728782,0.269881793542,0.971793204273,-0.706549728362,-0.608001100057,0.461593647282,-0.451436602945,0.2569413829,0.0965367957498,5.41882218917,-4.66489357097,1.92168079822,-5.42696247814,4.67445132311,-1.9263340277,-5.95685706377,-5.84489618734,2.01004877863,-3.39781576872,-3.39282331789,4.85489558042,1,0.199790484119,3496
25,0.735063278653,-0.300821485686,-0.774514715923,0.148361919445,0.985309109735,0.403664284731,-0.0497906500744,-0.317515053473,0.731091437185,0.604324522535,-0.0792924855989,-0.125048653269,4.36462413461,-4.77191198008,-1.93361262941,-4.2445107867,4.68548659796,1.86635480855,4.71532886388,-4.50086004364,2.26388591636,4.64093588633,-4.88657636767,-2.59866620347,1,0.199805509714,3790
26,-0.687164996244,-0.179154697208,-0.949080886028,-0.883116880148,-0.707094226538,0.166553024056,-0.172847026025,-0.540625331231,0.476062986662,0.160889684227,-0.0671080796571,0.0647764122756,5.02407929967,4.67928773017,-2.37877503081,-5.18051684276,-4.85165552634,2.46396019275,-5.72012691083,-5.71769723658,1.85853012827,3.3569124009,3.36322830921,-5.14215890742,1,0.199787671034,4778
27,-0.546156679872,0.710821850371,0.380908657364,0.362708156102,-0.177953885525,0.814666749446,-0.385205303536,0.561665135134,-0.0335009418592,0.652732975262,0.494445709372,-0.125347825298,-4.85474812931,4.25309058783,-1.81089478841,4.84962923642,-4.25567013646,1.81387849635,-5.42272014575,5.36060757498,-3.16401151721,-4.05986457045,4.42444291043,1.86843824487,1,0.199950557037,4900
28,0.275566199724,0.48578738162,-0.366626677391,0.691238490488,0.759304330609,0.50568106323,0.549432322756,0.652283242811,-0.41046797728,0.211073555573,0.789852610203,0.213987596925,0.575880625427,0.134337683601,-0.242311689109,-0.334864927729,0.266306971055,0.006371404312,0.548313458097,0.602128449505,-1.30491082618,-0.468212562229,0.226697057602,-0.355846618865,0,2.01163528313,7500
29,-0.390854055136,0.0664419122136,-0.704270318818,0.399537193211,0.277121815858,-0.342435080543,-0.810811721713,-0.154601865096,0.2030330069,-0.843671391087,-0.00782153664228,0.56083255331,-3.39815125792,3.89691819803,-0.00129620829812,3.39038131278,-3.87633227326,0.000612238477422,-5.87218312878,3.15509619137,-2.11262240037,-5.98411270029,-4.03487251679,0.951435027733,0,1.06028148327,7500
30,-0.194680794509,-0.275935816318,0.114519650078,0.531787446525,0.89152827515,-0.390485231952,0.746535763128,-0.168604796369,-0.721302095661,-0.928863926096,0.688244628389,0.610114504207,-4.43157367881,-4.35495054579,2.13658636177,4.58830940846,4.51222071279,-2.21600651192,4.8058060849,-4.97966718095,-2.8218483709,-4.65093180641,4.30198430052,-2.40506798223,1,0.199882923633,2784
31,0.611742312781,0.72980528439,0.807300934192,-0.0482084329859,-0.356540791663,0.45141506073,0.952605166063,-0.543657893886,0.736465276832,-0.266100551017,0.611827967091,0.156330788332,4.06710936476,4.12108285392,-5.95143179396,-4.12503496771,-4.18150602198,6.03935906558,6.03502981047,-5.88035646117,3.05503364779,-4.81180522768,5.14825347597,2.39923930595,1,0.199879967823,4026
32,0.617255265429,0.310780780961,-0.423195639889,-0.686560576665,0.998554875807,0.928397714707,0.836112302089,0.353625777284,-0.650624946977,0.330810376099,-0.556911414792,-0.656062708327,4.2035299527,-4.90069123948,-1.75590634703,-4.29747111945,5.00160969524,1.7988289909,4.43116973508,-3.92583754348,1.72179549295,5.60600506939,-5.40556193987,-3.41467480664,1,0.199908586032,3744
33,0.318784942964,-0.961362355372,0.992064327708,0.665155175789,-0.933918632298,0.162074834995,-0.268492616609,-0.964579249897,0.934015217294,-0.00701875439593,-0.731199486436,0.77007318188,-4.26485196796,4.65105585252,1.9526559075,4.7368773256,-5.24002043312,-2.15455690225,-4.34261784087,-4.34867002599,6.58734055538,-4.46223519593,-4.45510531211,1.6698025362,1,0.199922551969,5240
34,-0.101684693119,-0.377998418553,0.0452108964875,0.0735249195603,0.759673752146,0.409611764153,0.118491911394,0.132538086035,-0.785840842506,-0.363441556047,0.396748977835,0.241643134724,4.19725292378,-4.88551589871,-1.75764749373,-4.24939847684,4.93015669379,1.78392510694,-3.94716722629,4.32237857006,1.75771415647,-5.77403633824,5.71996930005,-3.44209788699,1,0.199944299984,6327
35,-0.501425386861,0.973499367566,-0.673594859993,0.535632751547,-0.248126467771,0.632865705526,0.70591184625,-0.981508885384,-0.362356044568,-0.184647668647,-0.954672695735,0.888400906665,-4.79124154918,4.38084359594,-1.93904630007,4.66375043285,-4.23145755077,1.86113115967,4.68871394448,-4.96899290789,-2.62115751864,4.653691016,-4.464693824,2.24503672464,1,0.199762136657,2072
36,0.216506541226,-0.600335732461,0.776092385702,-0.712302511256,-0.102769537912,0.524370349497,0.669452710667,0.303985917784,-0.866392461917,0.567554155314,0.825422821176,0.802810664823,5.00375124093,-4.83356482763,2.22760479011,-4.95309453971,4.72990572038,-2.15823554815,3.50121626373,3.50906706134,-5.34149938251,5.26447352035,5.26181383928,-2.07590089793,1,0.199925914255,2793
37,-0.925333462911,-0.977327560899,0.708277257186,-0.663097923215,-0.487343828473,0.074976597055,0.720986859432,0.195313270393,0.80331845895,-0.664121865073,0.340456816147,-0.167808946965,-3.61731360043,-4.11910426293,3.62989822852,3.53511367449,4.07763909999,-3.54891957093,7.08306141761,4.09445191349,-1.38416875095,-7.10842371777,4.18169837181,-2.99557688436,0,1.03774151719,7500
38,0.767556912675,0.0960760678652,0.0368261397583,0.0371710049165,-0.0526824182102,-0.442739801142,0.245459313653,0.320413450885,0.586746118799,0.850375705639,0.245405728527,0.678483108646,5.25829814597,-4.99361766932,2.2277674005,-4.99017723723,4.86085312164,-2.21704750448,3.1646815635,3.18294530319,-4.77442289462,5.74582299787,5.82873846483,-2.20840022388,1,0.199945209316,4186
39,-0.680419385317,-0.0759145118372,-0.373401477498,0.672399519004,0.697634963838,-0.26651963912,0.20228458476,0.365242588336,0.382528858028,0.359276092356,-0.186754293311,-0.717890267738,-3.41114580733,-4.20292516395,3.4283409583,3.42978485159,4.22004235025,-3.44680889054,3.68734390395,6.85804012989,-1.34086427881,4.4705345878,-7.10118668409,-3.26930529317,0,1.04046258991,7500
40,-0.173950052071,-0.687002322841,-0.632350434943,0.0230382431924,0.387335279556,0.739059422126,0.195526038424,0.712254633741,0.79122103319,0.167422001405,0.210376843608,0.44517129444,4.43521922671,-4.65195981631,-2.03056402584,-4.39857968811,4.58358346099,2.02372692681,-5.32540399615,5.45928551101,2.92320461846,-4.23832440371,3.92171884897,-2.06096245964,1,0.199988452947,4112
41,-0.454085616847,-0.213822321335,-0.00270986750077,0.31974083639,-0.126685285458,0.205889514587,0.414571688735,-0.963637653094,0.573827759362,-0.582370074085,0.602305692778,-0.98817699418,-4.44413064391,-4.58016974399,2.19784307561,4.36360554164,4.49950127503,-2.15705839444,4.10911313219,-4.50389823539,-2.24744386144,-5.2157181332,5.10465257273,-3.05573096913,1,0.199790962736,3286
42,0.849873167914,-0.189205043432,-0.241644526871,-0.290602096502,0.544466188428,0.83761620007,-0.724777908312,-0.816774991708,-0.591098635647,0.26872219004,0.678886398967,-0.826455916872,5.1200662886,4.76801654706,-2.42041976976,-5.05573515882,-4.7015947348,2.38708893445,-5.67265892542,-5.69413523306,1.84435644272,3.39446967727,3.40355026584,-5.20472717157,1,0.199846490177,3113
43,0.158040023929,0.0255933995036,-0.173020382827,0.182824559397,0.202057501025,0.598612938956,0.472602184264,-0.0937153523548,0.474198361545,0.872390053705,-0.483734259221,0.44220897147,-4.59347796742,4.4128558548,-2.03255428786,4.61270674089,-4.42631770554,2.03710083542,3.92206057628,-4.25176800819,-2.05188142197,5.46930495669,-5.35400796189,2.95532966443,1,0.199762276484,3901
44,-0.363298828488,-0.726375181015,-0.248916175976,-0.200646920737,-0.722977645805,0.143174544424,-0.602329306295,-0.199102943632,0.677963531602,-0.755529032929,0.0725710150543,-0.211075905297,-4.57256518338,5.28166662894,1.91078627452,4.70921250648,-5.41935328618,-1.97425934936,-3.50033015109,-3.5000867976,5.05405583437,-5.59878066377,-5.5488660028,1.93905959539,1,0.199971559114,5925
45,0.483756149297,-0.559877628196,-0.989267199078,-0.220685798824,0.296090349377,-0.28076231121,0.362287189435,0.911207400928,-0.155855045752,-0.397982097166,0.979587140676,-0.428049442152,4.35723699955,-4.87938770562,-1.88716644175,-4.18380764574,4.72830860192,1.79875520207,-4.19012008089,4.51673036731,1.9870437886,-5.22575018992,5.10477425508,-2.96076182744,1,0.199907419432,2938
46,-0.366837978423,-0.232627769586,-0.388946473412,0.689595978239,0.224213842532,0.639580104493,-0.763241632141,-0.98247111265,0.50645836995,-0.719358735689,0.176822756938,0.225961909432,5.41853984853,-4.68734623787,1.94113705766,-5.39025204563,4.65739841304,-1.92700981716,-5.9067845075,-5.71055437368,1.99408063562,-3.42066320028,-3.40509875257,4.89294599374,1,0.199784250167,5447
47,0.584313914132,0.432556404831,-0.820593086532,-0.920179247982,-0.702049578953,-0.818835205873,0.581948914902,-0.435362992435,-0.59706410685,0.466197899276,0.210587016866,0.603308322336,3.00765941568,0.217661887575,-0.689904166419,-2.99957989444,0.379526403336,0.400151572278,-3.82261275082,-3.80914705009,0.600858412384,-0.0801651390961,-0.105369960351,-0.00292513591842,0,1.50922987622,7500
48,-0.402847810143,-0.77154759395,-0.0580939030926,-0.370573277015,-0.402826975346,-0.933932996796,-0.381405688516,-0.398558329298,0.713503644857,-0.235727612743,-0.403040047444,-0.0386107036494,-1.70087324703,1.28782271061,0.947941624877,1.85975344849,-1.82035551358,-0.958213942946,-2.22073939491,-2.23106516893,3.7210226481,-1.74684086754,-1.73353868103,-0.0251022701263,0,1.59234424671,7500
49,0.200605257927,0.196323362242,0.201180797397,-0.965395826131,-0.0439649925178,0.0755684958007,-0.865023764316,0.540568985557,0.596134872161,0.287162007758,-0.648589043422,-0.956959128434,4.07175136952,4.14999868784,-5.97223738605,-4.10683790945,-4.18791113977,6.0263925906,-6.5422716265,6.55450521945,3.48038114708,4.87049659827,-4.49100210398,2.19705387397,1,0.199889677164,4913
50,0.201518759481,-0.480891811303,-0.0761830229696,-0.964054235048,0.211851290432,0.95528438814,0.0203423314773,-0.683815968745,0.802694712899,-0.994242075349,0.0109804630718,0.730182568198,4.68944041934,-4.43654353278,-2.32223111923,-4.70882485933,4.32462910663,2.38589943015,6.24925347369,-6.22561780609,3.84735898128,3.62083658029,-4.07435589444,-1.73845471631,1,0.199704478663,5116
51,0.769867474312,0.505075927298,-0.300791399845,-0.443213993169,0.150751406551,-0.797930411242,0.03384916097,0.296667955476,0.262484838095,0.900228449553,0.260742174922,-0.261947494141,5.20886443351,-4.95146012744,2.21249808286,-5.02609156179,4.87554000962,-2.21769720005,3.17602875667,3.19842148299,-4.79817318703,5.71594124145,5.83081288837,-2.21042159455,1,0.199824873125,6946
52,-0.24600993437,0.531251966644,0.345138339404,-0.0956374406992,-0.45458853607,-0.0329395873215,0.730235679844,0.545422117298,-0.82374191962,-0.97919809841,0.759315113804,0.707311705445,-4.01375074956,4.87801483659,-0.838014862511,3.99527329454,-4.89479320726,0.872583303121,2.85642692145,6.88944903527,-1.02654241828,-4.8648995698,7.65144739657,3.61205969747,0,1.03765414882,7500
53,0.62798056821,-0.050453003159,0.768992841008,-0.133386184457,-0.855074140545,-0.325482894108,-0.965347384884,0.0671268174956,-0.141292510284,0.65916712749,-0.728796129322,0.701153538269,4.52660839072,3.31313821043,-3.30508285759,-4.528778627,-3.32840943506,3.31988873862,-7.15087225745,-4.89988363865,1.09304906215,7.12031407365,-3.4741726801,1.94827467674,0,1.03778170831,7500
54,0.327410131267,0.1029289659,0.0556860851647,-0.922316166106,-0.910247105076,-0.266751042145,-0.902564775643,0.556152951298,-0.304954838489,-0.103317751177,-0.158497460087,-0.886094103809,-4.70138082198,5.46559018687,1.93411810781,4.66667290803,-5.4439882436,-1.9158731584,-3.38101895065,-3.37234097044,4.82218126248,-5.96383530673,-5.81550649355,1.99431199455,1,0.199901966558,5043
55,0.53887386067,-0.404293999037,-0.489490549463,-0.98032593351,-0.166464133484,0.78490780165,-0.246068532104,0.830666295399,0.979563476808,0.990134361247,-0.368997104654,0.970978144024,4.04420738867,4.08453958785,-5.90804485699,-4.16039985694,-4.20573598812,6.08443908683,-5.80002193889,5.97935948827,3.00339596236,5.18103521474,-4.86478930691,2.4353255607,1,0.199893103606,3269
56,-0.459857719169,-0.551849220205,-0.41618094932,0.491050520762,-0.47302316009,-0.894000725204,-0.000648881009997,-0.978648319896,-0.709019941839,-0.654411995058,0.416784280313,0.729352066846,-4.59267115313,-4.37445510342,2.18212918349,4.5919801887,4.37051107942,-2.18072137928,5.3768813005,-5.46645823955,-3.2777094226,-4.37097262222,3.96023044937,-2.12485228328,1,0.199811260112,3169
57,-0.548327102657,0.901633726864,0.515461133804,0.304578291794,-0.669077535311,-0.545773810316,0.777132498864,-0.447349881296,0.875889805924,-0.743983843678,-0.113678145679,-0.953122087332,-4.66781608272,5.39498871934,1.94440910444,4.61590936777,-5.34728006593,-1.91951820338,-3.46674892899,-3.47376310874,4.99422688602,-5.68104146873,-5.68280083254,1.96232066409,1,0.19999944282,3461
58,0.229217451303,-0.707090466313,-0.353070520991,-0.228655451134,0.206456926793,-0.713677038391,0.149442713357,0.166586338401,-0.81000905862,0.166502994496,0.239491461645,0.822574712186,5.02071074517,-4.84172275226,2.21924277858,-4.96529363634,4.81019184373,-2.21281754145,3.41982821703,3.42813388365,-5.19795171469,5.38268194392,5.38231671942,-2.09476381357,1,0.199943844557,4181
59,0.0635397523442,-0.0635792543814,-0.640175683883,-0.815307221042,0.784123247554,0.20211576099,-0.635219110749,-0.442146065971,-0.0122450336336,0.0436582290882,0.195331602546,0.463956876496,5.25069553856,-4.51900971172,1.87145466325,-5.51180695552,4.81017312807,-2.01202227043,-5.71012693574,-5.69124527707,1.97200452591,-3.44751018899,-3.45191100012,4.96239453829,1,0.199831974052,3399
60,-0.349485526228,0.0428240894799,0.251048840407,0.960213916792,0.502040789966,-0.890660864709,-0.35761397077,0.874853455595,-0.473911934776,-0.329711045409,-0.263556110155,0.86890878862,-4.54291592947,-4.27281448285,2.14454639271,4.72466520772,4.46328526724,-2.23963943444,-5.51252349026,5.51275744184,-3.40983623481,3.87511276271,-4.34098092644,-2.04518708528,1,0.199991648859,3259
61,-0.421305146981,-0.296225518687,0.557805108751,-0.549225844052,-0.810568608988,-0.706709695417,0.479129776906,0.186681181759,0.722728556439,-0.609157403756,0.304828700069,0.477417854653,-4.99926806455,4.94865969719,2.34841165487,5.0286657501,-5.0923201681,-2.31586108572,5.89045161307,6.07018445099,-2.16887883487,3.15339432572,3.17934671288,-4.7278409863,1,0.199777504838,5209
62,-0.793106632613,0.625973677379,0.588779468625,-0.74049257955,-0.385193042142,0.502648630385,0.0826340625284,-0.339943051432,0.399525523709,-0.642840163921,-0.29737662907,0.343030440513,-4.96126316858,5.62717825623,2.08753561845,4.40337206748,-5.14339456318,-1.81527234389,-3.44025610761,-3.44683785495,4.95425835642,-5.71309096839,-5.711803195,1.98113208717,1,0.19997731559,3705
63,-0.952700389767,-0.0375255242465,-0.963617031718,-0.971470106225,-0.551164631456,-0.972974390529,0.260015614322,0.368333328507,-0.532035146275,-0.593675807873,-0.866641080923,0.00243030534251,-4.89518349881,5.6643683917,2.00064476257,4.51918164402,-5.36758848457,-1.81662699583,-3.29693089538,-3.30157043964,4.67004669209,-6.2920278507,-6.26513874602,2.07061323726,1,0.199925428309,4694
64,0.173401283589,-0.171209981702,0.629769870835,-0.519622251773,0.495270450251,0.503047342897,-0.81290647629,-0.425275563287,0.448004533133,0.849839854417,0.835637211483,-0.334620980969,-4.33707270725,-4.28278024532,6.18575522332,4.12162351708,4.10231177586,-5.89808296974,-3.3708830503,-3.38061417695,4.92970939716,7.19113341063,7.17557305553,-2.81961833175,0,0.271017948278,7500
65,-0.794176185341,0.240227266835,-0.24427894078,-0.774329655765,-0.94560367455,-0.807508297464,0.369836259716,-0.495854938724,0.957901954452,0.915512009477,-0.188522019975,0.594072474947,-4.71814076154,4.47638808638,-2.03979448362,4.53929198856,-4.35794716237,2.00315561752,3.89009471319,-4.26362782816,-2.02766928342,5.41071871832,-5.37652213942,2.97304301472,1,0.199983149862,3260
66,-0.98000655899,-0.612419565544,-0.974743993105,-0.106213639003,-0.477398340134,0.905176849579,-0.168490336436,0.508592465831,-0.649421285037,0.267881804532,0.0968583866176,-0.126364734307,-4.76914562207,4.14218767727,-1.75271653704,4.94451536616,-4.36677113948,1.87075778632,-5.50676766825,5.39764231333,-3.18373686349,-4.05323817869,4.3831274838,1.86953274334,1,0.199833013776,4644
67,0.663875284373,-0.448917974962,-0.279146833777,0.985003608652,-0.228533493593,0.723370239889,-0.720682189217,0.669054012572,0.898173070193,0.0125142254412,0.880240928372,-0.436453369076,4.54121875822,-4.81007888242,-2.06810683505,-4.22689345742,4.45665510162,1.92805816367,-5.05617954376,5.24020921567,2.71013785349,-4.39888364344,4.12684900312,-2.21471155511,1,0.199793445657,3115
68,0.241879965424,0.347772507981,0.895677365858,-0.559268877839,-0.48572172817,-0.811763164932,0.00131281505324,-0.218338244289,-0.743202503759,0.258499519153,0.544382262678,0.0106516860989,5.53521216092,-4.69922121197,1.90436946202,-5.49826756345,4.64783134032,-1.87861591491,-6.31567611167,-6.24958795234,2.0539264943,-3.32103641093,-3.32273765229,4.70141037353,1,0.199863479161,7390
69,0.330849811667,-0.631331544886,0.206988929237,-0.0457412247827,-0.62522267353,-0.616997462811,-0.0697505877059,-0.4534327185,-0.0704693949166,-0.728626957807,-0.125410734665,0.987882800092,5.33510698087,-4.70100645365,2.02279817326,-5.10653683511,4.46640748386,-1.91016772043,-5.20330996051,-5.19418218391,1.85755176359,-3.69986893853,-3.70506862206,5.42466774886,1,0.199769038956,4686
70,0.987440273619,-0.691877285785,0.609452752757,-0.557755535689,0.0998703703741,-0.19085017296,0.0493770728782,0.660470324526,-0.746168246007,-0.69190392176,-0.00502174640767,-0.625989794948,4.29236555848,-4.94252525364,-1.81279622778,-4.21061109525,4.85904452186,1.77440304274,-3.98541955473,4.43770290264,1.78471496347,-5.40398712235,5.49576447366,-3.30235437356,1,0.199943455626,3515
71,-0.870767932435,0.166686717984,0.12226362167,-0.179938544539,-0.0101865515704,0.605510408752,0.342468531874,-0.320425065797,-0.531711997958,-0.396569140465,-0.166840678343,0.359115086824,-4.4096191321,3.88623777077,0.0175242188976,4.39159004744,-3.88895868486,-0.0168564341593,4.60913571022,-7.10131551714,-3.38081625403,-2.95280320765,-6.39725050528,0.926806092525,0,1.03404485904,7500
72,-0.168872508937,0.0449684895662,0.555147070718,0.178802081357,0.544074739357,0.843511258299,-0.847925398307,-0.198080896125,0.721801622803,0.153534055772,-0.846387235472,0.206602690895,-4.36814345172,-4.64833483638,2.19402939282,4.3190558498,4.603502912,-2.16987164217,-4.33159997924,3.87854110023,-2.04407341551,5.58472965218,-5.62849107219,-3.45349903513,1,0.199870334323,6079
73,-0.0677692396823,-0.357369092195,0.113991493077,-0.501086110885,0.216192304566,-0.396178545997,-0.481579331334,-0.284533251652,0.249637150052,-0.643736333052,-0.16575347356,-0.671102656264,4.3779416505,-4.02622947929,0.00501435539265,-4.38736480156,4.02720365731,-0.00478311342369,-7.04374368999,-4.27085598769,1.06906763016,-7.03529844126,3.63937467735,-2.46598261845,0,1.02780533339,7500
74,0.209083340321,0.265329252464,0.118499530736,-0.0303506746721,-0.871245879969,0.746702328421,0.864578583175,-0.0678665258982,-0.824735838134,0.800071090171,-0.74836204643,0.418825658664,-4.56106687514,4.31524917706,-1.96749523967,4.6702538735,-4.43589223987,2.03000374204,4.14244872071,-4.39557054829,-2.22584553811,5.25504358256,-5.0515995784,2.71039710954,1,0.199899854538,2613
75,-0.336935322329,-0.86254852595,0.777580636335,-0.710626177948,0.987087420174,0.500582477251,0.559867808986,-0.939863514724,-0.790140814263,0.774107605212,-0.70121372163,0.267169443877,4.09235895948,-4.75387888645,-1.71979561881,-4.39922741708,5.01955035268,1.87473960854,4.35401752305,-4.02670586596,1.84126523667,5.46600992432,-5.59963225471,-3.23786668845,1,0.199855014302,3368
76,-0.732142394423,-0.773927051448,-0.268858288588,0.777823986744,-0.559562059204,-0.66156076215,-0.233768869615,-0.372116031843,0.0930685229514,-0.732693651802,-0.953502379673,0.445967872703,-4.56080691664,5.23589353955,1.91124530382,4.78182833421,-5.44044733171,-2.01734148837,-3.47678828689,-3.48462868975,5.03384910889,-5.54851247798,-5.55555821524,1.94852695356,1,0.199890616671,3227
77,-0.028743753081,0.0494427939233,-0.683945269294,0.520331607324,0.363021543096,-0.471663106747,0.796187895491,0.423660926265,0.50764970736,-0.156051203912,0.525933381803,0.855620967575,-4.76524757298,3.95071923304,0.829686245881,4.86499154068,-3.87664914012,-1.00002734384,5.06205255687,7.42007951984,-1.18511013854,-2.85598257541,6.92901498507,1.71358011006,0,1.03910418718,7500
78,-0.882741279964,-0.526619716248,0.840898170866,0.415685190798,0.279148792232,-0.827684702778,-0.975300027859,-0.958066158781,-0.570121746713,-0.567660266566,0.926068562245,-0.972702266101,-4.4581359542,-4.61101370099,2.20694269442,4.34349735851,4.50721394243,-2.1511528999,4.03780610795,-4.38662799306,-2.20720446438,-5.36612694949,5.22872652714,-3.14948601223,1,0.19979534741,2614
79,0.393895532812,-0.958552086699,-0.938902116816,0.620920792079,-0.635040568734,0.234744353556,0.0753529267364,0.874132583993,-0.654019679539,-0.370389411064,-0.577140427729,-0.66511530649,4.80928829592,5.15384535946,-2.44197384674,-4.67499232066,-5.05686307999,2.37915824897,3.37903270874,3.38738628897,-5.17691784482,-5.69233230627,-5.70799720948,1.8416975553,1,0.199824951093,4961
80,0.542125492583,-0.678444174451,-0.687027990137,-0.724591119022,0.0654907559657,0.749357428379,-0.664682829237,-0.0244843451145,0.798817505719,-0.626013605471,0.252785793815,-0.660362459101,4.36509153199,-4.71752387154,-1.95297298613,-4.30965183539,4.64387574347,1.93162376421,-4.68142790791,4.86312240625,2.42159911556,-4.70018876333,4.43060342798,-2.43712047834,1,0.199945155448,2362
81,0.721438408819,-0.048206232114,-0.726908855859,0.00598171831742,0.883939288706,0.068812250145,-0.915776934331,-0.368261681138,0.655145574739,0.511335856477,-0.159517218696,0.995312979959,5.2676788443,-4.49376862698,1.84454874625,-5.5071866395,4.79313110456,-1.99358421311,-5.89192961343,-5.89630508031,2.01781505976,-3.42966529675,-3.43686973745,4.9181687474,1,0.199905746788,4177
82,0.63365389767,0.120370677918,0.704304383774,0.545052429513,0.653640088747,0.739587221525,0.487624961921,0.159165283245,0.197373820275,0.136222036986,0.101671415976,0.888056316787,0.204931391194,-0.265598288102,0.0587042690981,0.0902860071735,0.0395316012241,-0.0510408054816,-0.175958206955,-0.176841220477,-0.442175877221,-0.418502146464,-0.276041487787,0.313160172377,0,2.017283759,7500
83,-0.866214298001,0.115290217553,0.922119982236,0.777634525611,0.634919830607,-0.221504307027,0.798853122816,0.694644351245,0.392088909758,0.154023378273,0.443605818561,0.593676929621,-5.02299742802,5.10683369223,2.31228239503,4.93030025118,-4.97434984715,-2.28363471786,5.78109746731,5.84788615399,-2.15393247887,3.19207703578,3.20805081009,-4.79701421279,1,0.199823095138,3139
84,-0.393998373312,-0.374924332773,0.339947454845,0.162622817876,-0.779951498306,-0.51180660701,-0.32107307423,0.444317398367,-0.920980243894,0.335214936587,-0.39229998848,0.50367487175,-4.7254926186,-4.47895624612,2.23980638188,4.52109039769,4.24482276248,-2.12656325687,-5.65859708041,5.56344122911,-3.43231578581,3.88535468696,-4.27527404278,-2.07050899334,1,0.199849864685,3837
85,-0.920231321373,0.896429356231,-0.4374814407,0.1872052974,0.337745755881,-0.941432393743,0.108269594106,0.0097932433967,-0.606395702396,0.365476213244,0.403623793952,0.394691618762,-5.08733007076,4.51307450119,-1.94218913604,4.66757848094,-4.00711141901,1.68202767122,5.42457022174,-5.57544747783,-3.20002073849,4.35302478356,-4.05242882614,1.87246783532,1,0.199809653981,5926
86,-0.916601793862,0.782330017708,-0.198272573889,-0.812859207823,-0.0790942331365,-0.220036382506,0.0136399329949,-0.512939731906,0.863245246563,-0.372016079429,0.969337603932,0.566531846276,-4.77679272885,4.55288769723,-2.08113440455,4.45210867634,-4.3423141971,2.01916454354,-4.21169603401,3.83383824632,-1.98132323195,-5.47730896905,5.50063925721,3.06159114577,1,0.199882699906,3187
87,0.802265063927,0.601168797135,-0.449145118716,-0.413973721042,0.597911054794,-0.213771344996,-0.366570900538,-0.0238259447492,-0.329533637693,0.870283629148,-0.646284559602,-0.0848396898432,5.40708444591,-4.60681831408,1.87830165927,-5.54521454433,4.77351507412,-1.95962684514,-5.88887436549,-6.09119642272,2.01349509575,-3.34226986031,-3.36821400249,4.77867740503,1,0.199762395962,4735
88,0.104206054059,0.0721542428399,0.226826548036,0.229467398462,0.258385880915,-0.688180221517,0.170567073492,0.418192893976,-0.32994495444,0.614832413684,-0.61129895025,0.910115984005,-2.16229320464,0.0351261696495,0.473065646673,2.34928244451,0.327916796537,-0.693488451793,-3.41516568826,2.97706254392,-2.22419250469,0.0398741412419,-0.764709317104,0.348428666709,0,1.62719852397,7500
89,0.903593647083,-0.999773401491,-0.153786992723,-0.328052498454,0.52254543055,0.61141601099,0.979651143448,0.315546031351,0.919204006057,-0.0750637237246,-0.171251595958,0.0698600447575,4.45712346119,-4.76487447851,-2.01260449171,-4.3146116991,4.57529293954,1.95888790299,5.242535785,-5.11233070577,2.7504415128,4.03804471804,-4.34654800037,-2.15859769585,1,0.199753886072,2791
90,-0.467364258541,0.106341782282,-0.233819913861,-0.906512448115,-0.84247557536,0.938139186627,-0.789826035362,0.225589206266,0.686848886504,0.645002571727,0.142346398078,0.898845749741,4.01528724984,3.99232010411,-5.81873469156,-4.26993482231,-4.24301907933,6.19436130556,-5.08756928981,5.36782680731,2.5739024696,5.70998362932,-5.47201752572,2.80242798851,1,0.199964807212,3840
91,0.384213439946,-0.616256117622,-0.863542422482,-0.133699732001,-0.765614474803,-0.389905923201,-0.627223135674,-0.218929432239,-0.678751903538,-0.41240814292,0.922122454238,0.507648519962,4.62541515093,3.37627903981,-3.36781139308,-4.61366348589,-3.37927890808,3.37046201531,-4.95114785222,-7.25759647587,1.1018527676,-3.45859986359,7.24741062398,1.90671159807,0,1.03544720619,7500
92,-0.0296899087726,0.154607675665,-0.0408259072971,0.0627167959837,0.772491695299,0.0387585155594,-0.299617883392,-0.621858469769,-0.190560354448,0.36893408904,-0.467546654164,0.706217193872,5.25701360423,-4.54743033798,1.89688683476,-5.4444176252,4.75705295165,-1.99871212302,-5.58671452987,-5.60924776728,1.95095799115,-3.48270784345,-3.49263386479,5.03448837269,1,0.199759101426,4419
93,-0.0696479587901,-0.6639593109,0.82205896139,0.769507429839,-0.294447272161,0.37355884291,-0.23323333615,-0.963067299238,0.646703735037,-0.160496448508,0.306059590295,0.211752006805,-4.38490434603,4.7127536384,2.03934365971,4.60530407495,-5.03209845668,-2.12085565549,-4.45376181782,-4.45722191995,6.79678017625,-4.38022044457,-4.36952099111,1.65520722973,1,0.199819245953,6926
94,0.818438672136,-0.38521652112,0.631555213212,-0.0997633189686,0.945446816451,-0.440514152959,-0.550153630276,-0.307771592306,-0.373292779419,-0.61204136706,0.398637454397,0.869444695004,5.29027981048,-4.62815986315,1.96509303319,-5.28547763316,4.63697326185,-1.9720667307,-5.34475053966,-5.3294429019,1.88804346029,-3.58144277645,-3.58568323386,5.21883734256,1,0.199759721864,2940
95,-0.387011562398,0.078934664925,-0.378643491381,-0.538226082371,0.717115009951,-0.795996243155,0.00877487116753,0.476690597615,-0.734566245039,0.685921499965,-0.427141398155,0.349757610262,-0.195972880541,0.386252476391,-0.115767278234,-0.278244143318,0.676648877509,-0.219169765253,-0.0585720134059,0.11774454513,-1.12487632432,-0.156087192754,-0.0719815743874,-0.182687483357,0,2.01580565266,7500
96,0.977694091617,-0.424913849166,0.98538508976,-0.401735190369,-0.0871423538222,0.236850104783,-0.357811825593,0.611189905729,-0.636800784203,-0.00592702743534,0.732882447164,-0.986351617335,4.31197603715,-4.9191557677,-1.83706322122,-4.20180191105,4.80927992789,1.7845708005,-4.0485361126,4.43380232766,1.85459570398,-5.39306421937,5.37304844412,-3.1847006081,1,0.199832246794,3936
97,0.30214696201,-0.159629847936,0.894263733158,-0.917712618801,-0.237735710504,0.999511726251,-0.878693262377,0.602507249259,0.861046583537,0.604152449738,-0.311023508363,0.290532498894,3.94363457385,4.00932166221,-5.77473547872,-4.24089091991,-4.32951183946,6.23304820169,-6.37105870776,6.44181211386,3.36129725642,4.92510684958,-4.57603593578,2.25713709491,1,0.199914557114,4279
98,-0.386199184144,-0.682658280886,-0.876488143538,-0.285000732915,0.798020286569,-0.0400986175388,-0.726561714036,0.617957185486,0.53967300955,-0.268302927254,0.674365909402,-0.634697169366,4.24877863333,-4.68050975059,-1.87068429243,-4.33384690132,4.77164021827,1.90999670498,-4.50939650993,4.74982780207,2.25488214089,-4.87803150821,4.65640248011,-2.61653407804,1,0.199891574404,2315
99,-0.810497732818,-0.374862774805,-0.303649274625,-0.273161630186,-0.882984016474,-0.958866102004,-0.753513495398,0.0892823857617,0.523614090947,0.820961468918,0.91963073255,-0.946361484581,4.52947898103,4.59910773434,-2.14363317962,-4.64151949511,-4.70070669471,2.1954874807,-4.30775171631,-4.27384004524,1.56918537511,4.68795917781,4.66450519181,-7.48184321341,1,0.199770890417,4920
100,-0.361491997793,0.109763353909,0.107822746852,0.819353091507,0.248834429628,-0.487914519102,0.195855503875,-0.681118261194,0.684102882247,0.288871702492,-0.366561052007,-0.736454593358,-4.31219102318,-4.59871583414,2.16844826355,4.40165139728,4.6840437959,-2.21313704891,-4.34842965568,3.86734631172,-2.0324916094,5.54197151709,-5.52821562203,-3.43627135245,1,0.199880930224,5519
